Position,Title,Post Link,Company,Company Profile,Location,Actively Status,Seniority level,Employment type,Job function,Industries,Time ago,Logo
1,Engineer QA/QC,https://in.linkedin.com/jobs/view/engineer-qa-qc-at-larsen-toubro-4165214131?position=1&pageNum=0&refId=H3uwR95u%2F141YxztCVit8Q%3D%3D&trackingId=O79Bh0y9w6CjeS1ZDjJtbQ%3D%3D,Larsen & Toubro,https://in.linkedin.com/company/larsen-&-toubro-limited?trk=public_jobs_topcard-org-name,"Siliguri, West Bengal, India",Actively Hiring,Entry level,Full-time,Engineering and Information Technology,Executive Offices,6 days ago,
2,Process Engineer- Manufacturing Engineering,https://in.linkedin.com/jobs/view/process-engineer-manufacturing-engineering-at-larsen-toubro-4165215365?position=2&pageNum=0&refId=H3uwR95u%2F141YxztCVit8Q%3D%3D&trackingId=mdSs6VpZyRPz2MFJ5bs3sg%3D%3D,Larsen & Toubro,https://in.linkedin.com/company/larsen-&-toubro-limited?trk=public_jobs_topcard-org-name,"Chorasi, Gujarat, India",Actively Hiring,Entry level,Full-time,Management and Manufacturing,Executive Offices,6 days ago,https://media.licdn.com/dms/image/v2/C4D0BAQFnEYpR8MlYsA/company-logo_100_100/company-logo_100_100/0/1631300737624?e=2147483647&v=beta&t=XwrPkxNIwc_l-G-D6Dfak1uo1oK-wEZfcwpUN3QD9WQ
3,Python Test Engineer,https://in.linkedin.com/jobs/view/python-test-engineer-at-tata-elxsi-4168262659?position=3&pageNum=0&refId=H3uwR95u%2F141YxztCVit8Q%3D%3D&trackingId=r%2BaiRH0xc7dA1Php%2FIaoBg%3D%3D,Tata Elxsi,https://in.linkedin.com/company/tataelxsi?trk=public_jobs_topcard-org-name,"Bengaluru, Karnataka, India",Actively Hiring,Mid-Senior level,Full-time,Information Technology,IT Services and IT Consulting,4 days ago,https://media.licdn.com/dms/image/v2/D560BAQHokkOB2wD0SQ/company-logo_100_100/company-logo_100_100/0/1663566365167/tataelxsi_logo?e=2147483647&v=beta&t=61K7P_D6Y6Xc8vdg6B9Wxio9qlbPcOAuebEWVCxjsKY
4,Mechanical Maintenance Engineer,https://in.linkedin.com/jobs/view/mechanical-maintenance-engineer-at-larsen-toubro-4165215008?position=4&pageNum=0&refId=H3uwR95u%2F141YxztCVit8Q%3D%3D&trackingId=2cpTQCQ4DE03kk9RnQzp4Q%3D%3D,Larsen & Toubro,https://in.linkedin.com/company/larsen-&-toubro-limited?trk=public_jobs_topcard-org-name,"Chorasi, Gujarat, India",Actively Hiring,Entry level,Full-time,Engineering and Information Technology,Executive Offices,6 days ago,https://media.licdn.com/dms/image/v2/C4D0BAQFnEYpR8MlYsA/company-logo_100_100/company-logo_100_100/0/1631300737624?e=2147483647&v=beta&t=XwrPkxNIwc_l-G-D6Dfak1uo1oK-wEZfcwpUN3QD9WQ
5,"Engineer, Industrial Engineering",https://in.linkedin.com/jobs/view/engineer-industrial-engineering-at-sandisk-4167546102?position=5&pageNum=0&refId=H3uwR95u%2F141YxztCVit8Q%3D%3D&trackingId=AWMzJt9qD8yL5Wrtzb%2BsgQ%3D%3D,Sandisk,https://www.linkedin.com/company/sandisk?trk=public_jobs_topcard-org-name,"Bengaluru, Karnataka, India",,Entry level,Full-time,Engineering,Computer Hardware,6 days ago,https://media.licdn.com/dms/image/v2/D560BAQFtW7Ayf-JBgw/company-logo_100_100/company-logo_100_100/0/1739296922643/sandisk_logo?e=2147483647&v=beta&t=OB4VUTZlsEpjIKrQlXkNggQ4rzfGd1FI6zlRhVip1aw
6,Engineer Maintenance Mechanical,https://in.linkedin.com/jobs/view/engineer-maintenance-mechanical-at-reliance-industries-limited-4174058629?position=6&pageNum=0&refId=H3uwR95u%2F141YxztCVit8Q%3D%3D&trackingId=avKs%2FrOUy1hsUc1mbfoong%3D%3D,Reliance Industries Limited,https://in.linkedin.com/company/reliance?trk=public_jobs_topcard-org-name,"Jamnagar, Gujarat, India",Actively Hiring,Mid-Senior level,Full-time,Engineering and Information Technology,Oil and Gas,23 hours ago,https://media.licdn.com/dms/image/v2/C560BAQGL2p38Nc6Qkg/company-logo_100_100/company-logo_100_100/0/1661518370542/reliance_logo?e=2147483647&v=beta&t=e4NmhlSkhg2caAh_-xoMrtdjSvxY8gaMtLs8qbWZ5Pk
7,Engineer Maintenance- Mechanical,https://in.linkedin.com/jobs/view/engineer-maintenance-mechanical-at-reliance-industries-limited-4174445757?position=7&pageNum=0&refId=H3uwR95u%2F141YxztCVit8Q%3D%3D&trackingId=YyFz4vM61wnx5AJAvZcrmA%3D%3D,Reliance Industries Limited,https://in.linkedin.com/company/reliance?trk=public_jobs_topcard-org-name,"Jamnagar, Gujarat, India",Be an early applicant,Mid-Senior level,Full-time,Engineering and Information Technology,Oil and Gas,23 hours ago,https://media.licdn.com/dms/image/v2/C560BAQGL2p38Nc6Qkg/company-logo_100_100/company-logo_100_100/0/1661518370542/reliance_logo?e=2147483647&v=beta&t=e4NmhlSkhg2caAh_-xoMrtdjSvxY8gaMtLs8qbWZ5Pk
8,Engineer,https://in.linkedin.com/jobs/view/engineer-at-larsen-toubro-4139653249?position=8&pageNum=0&refId=H3uwR95u%2F141YxztCVit8Q%3D%3D&trackingId=b5PSUgkZvn2P7U5GG024zQ%3D%3D,Larsen & Toubro,https://in.linkedin.com/company/larsen-&-toubro-limited?trk=public_jobs_topcard-org-name,"Chorasi, Gujarat, India",Actively Hiring,Entry level,Full-time,Engineering and Information Technology,Executive Offices,1 week ago,https://media.licdn.com/dms/image/v2/C4D0BAQFnEYpR8MlYsA/company-logo_100_100/company-logo_100_100/0/1631300737624?e=2147483647&v=beta&t=XwrPkxNIwc_l-G-D6Dfak1uo1oK-wEZfcwpUN3QD9WQ
9,Engineer,https://in.linkedin.com/jobs/view/engineer-at-larsen-toubro-4139654170?position=9&pageNum=0&refId=H3uwR95u%2F141YxztCVit8Q%3D%3D&trackingId=VLxyRgbbhIlsElh5tw183A%3D%3D,Larsen & Toubro,https://in.linkedin.com/company/larsen-&-toubro-limited?trk=public_jobs_topcard-org-name,"Chorasi, Gujarat, India",Actively Hiring,Entry level,Full-time,Engineering and Information Technology,Executive Offices,1 week ago,https://media.licdn.com/dms/image/v2/C4D0BAQFnEYpR8MlYsA/company-logo_100_100/company-logo_100_100/0/1631300737624?e=2147483647&v=beta&t=XwrPkxNIwc_l-G-D6Dfak1uo1oK-wEZfcwpUN3QD9WQ
10,Mechanical Engineer (Execution),https://in.linkedin.com/jobs/view/mechanical-engineer-execution-at-larsen-toubro-4168409125?position=10&pageNum=0&refId=H3uwR95u%2F141YxztCVit8Q%3D%3D&trackingId=pY5HpxrogRmCExTEFY3m8A%3D%3D,Larsen & Toubro,https://in.linkedin.com/company/larsen-&-toubro-limited?trk=public_jobs_topcard-org-name,"Pendurthi, Andhra Pradesh, India",Actively Hiring,Entry level,Full-time,Engineering and Information Technology,Executive Offices,5 days ago,https://media.licdn.com/dms/image/v2/C4D0BAQFnEYpR8MlYsA/company-logo_100_100/company-logo_100_100/0/1631300737624?e=2147483647&v=beta&t=XwrPkxNIwc_l-G-D6Dfak1uo1oK-wEZfcwpUN3QD9WQ
11,Engineer/Senior Engineer/Assistant Manager -Process Kiln),https://in.linkedin.com/jobs/view/engineer-senior-engineer-assistant-manager-process-kiln-at-ultratech-cement-4150435124?position=11&pageNum=0&refId=H3uwR95u%2F141YxztCVit8Q%3D%3D&trackingId=OlUNdkPTH1di5guGWZ0V%2Bg%3D%3D,UltraTech Cement,https://in.linkedin.com/company/ultratechcement?trk=public_jobs_topcard-org-name,"Nathdwara, Rajasthan, India",Actively Hiring,Mid-Senior level,Full-time,Management and Manufacturing,Wholesale Building Materials,2 weeks ago,https://media.licdn.com/dms/image/v2/C560BAQG54onicEJI4Q/company-logo_100_100/company-logo_100_100/0/1631377815788?e=2147483647&v=beta&t=nm_A6MRZapaT3j_Op3QmuifG3M6SS-lEsTMNDiq2Fzc
12,Mechanical Maintenance Engineer - (81614705),https://in.linkedin.com/jobs/view/mechanical-maintenance-engineer-81614705-at-reliance-industries-limited-4174056077?position=12&pageNum=0&refId=H3uwR95u%2F141YxztCVit8Q%3D%3D&trackingId=GgPQX8nPPcFFYTRzNLgCVw%3D%3D,Reliance Industries Limited,https://in.linkedin.com/company/reliance?trk=public_jobs_topcard-org-name,"Jamnagar, Gujarat, India",Actively Hiring,Associate,Full-time,Project Management,Oil and Gas,23 hours ago,https://media.licdn.com/dms/image/v2/C560BAQGL2p38Nc6Qkg/company-logo_100_100/company-logo_100_100/0/1661518370542/reliance_logo?e=2147483647&v=beta&t=e4NmhlSkhg2caAh_-xoMrtdjSvxY8gaMtLs8qbWZ5Pk
13,SERVICE ENGINEER,https://in.linkedin.com/jobs/view/service-engineer-at-larsen-toubro-4167948758?position=13&pageNum=0&refId=H3uwR95u%2F141YxztCVit8Q%3D%3D&trackingId=TjBNA9cttsb4C1hG1sbLZg%3D%3D,Larsen & Toubro,https://in.linkedin.com/company/larsen-&-toubro-limited?trk=public_jobs_topcard-org-name,"Pune, Maharashtra, India",Actively Hiring,Entry level,Full-time,Engineering and Information Technology,Executive Offices,4 days ago,https://media.licdn.com/dms/image/v2/C4D0BAQFnEYpR8MlYsA/company-logo_100_100/company-logo_100_100/0/1631300737624?e=2147483647&v=beta&t=XwrPkxNIwc_l-G-D6Dfak1uo1oK-wEZfcwpUN3QD9WQ
14,Senior Manufacturing Engineer,https://in.linkedin.com/jobs/view/senior-manufacturing-engineer-at-cummins-india-4170800068?position=14&pageNum=0&refId=H3uwR95u%2F141YxztCVit8Q%3D%3D&trackingId=iS6G9V85gG1yQsPog1QoUQ%3D%3D,Cummins India,https://in.linkedin.com/company/cummins-india?trk=public_jobs_topcard-org-name,"Phaltan, Maharashtra, India",Actively Hiring,Associate,Full-time,Manufacturing,Manufacturing,3 days ago,https://media.licdn.com/dms/image/v2/C560BAQHg2RbBAlIzig/company-logo_100_100/company-logo_100_100/0/1630624685618/cummins_india_ltd_logo?e=2147483647&v=beta&t=s-bfGzmnLdNEm-UvQQO_YvHI2qD0vyxw684EHlUBqSg
15,Frontend Engineer,https://in.linkedin.com/jobs/view/frontend-engineer-at-razorpay-4166300525?position=15&pageNum=0&refId=H3uwR95u%2F141YxztCVit8Q%3D%3D&trackingId=8pqT6P0uJIgi34B1aRFk8Q%3D%3D,Razorpay,https://in.linkedin.com/company/razorpay?trk=public_jobs_topcard-org-name,"Bengaluru, Karnataka, India",Actively Hiring,Associate,Full-time,"Engineering, Information Technology, and Product Management",Financial Services and IT Services and IT Consulting,5 days ago,https://media.licdn.com/dms/image/v2/C560BAQHggYLcXxs78w/company-logo_100_100/company-logo_100_100/0/1630638664845/razorpay_logo?e=2147483647&v=beta&t=vSklXxLk5ZXiNY1yEhR927lVmQtmRcaOEynF6EJbmFE
16,Solar Design Engineer,https://in.linkedin.com/jobs/view/solar-design-engineer-at-tata-consulting-engineers-limited-4169079458?position=16&pageNum=0&refId=H3uwR95u%2F141YxztCVit8Q%3D%3D&trackingId=eYOOHS%2ByGnPlImAff%2Bflbw%3D%3D,Tata Consulting Engineers Limited,https://in.linkedin.com/company/tceconnect?trk=public_jobs_topcard-org-name,"Bengaluru, Karnataka, India",Actively Hiring,Associate,Full-time,Design,"Design Services, Engineering Services, and Electric Power Transmission, Control, and Distribution",3 days ago,https://media.licdn.com/dms/image/v2/D4D0BAQE8O2HEl9iRVg/company-logo_100_100/company-logo_100_100/0/1732513771818/tceconnect_logo?e=2147483647&v=beta&t=NxVSyTm60YW4q6tSHgrpETtoJk3kCDu-8cSNxp2Swf8
17,Computer Aided Design Engineer,https://in.linkedin.com/jobs/view/computer-aided-design-engineer-at-larsen-toubro-4169525278?position=17&pageNum=0&refId=H3uwR95u%2F141YxztCVit8Q%3D%3D&trackingId=Nt%2F14gQq9ky7A%2FKNPtT6mQ%3D%3D,Larsen & Toubro,https://in.linkedin.com/company/larsen-&-toubro-limited?trk=public_jobs_topcard-org-name,"Mysore, Karnataka, India",Actively Hiring,Associate,Full-time,"Engineering, Design, and Manufacturing","Engineering Services, Manufacturing, and Industrial Machinery Manufacturing",3 days ago,https://media.licdn.com/dms/image/v2/C4D0BAQFnEYpR8MlYsA/company-logo_100_100/company-logo_100_100/0/1631300737624?e=2147483647&v=beta&t=XwrPkxNIwc_l-G-D6Dfak1uo1oK-wEZfcwpUN3QD9WQ
18,Engineer,https://in.linkedin.com/jobs/view/engineer-at-automotive-research-association-of-india-arai-4166827584?position=18&pageNum=0&refId=H3uwR95u%2F141YxztCVit8Q%3D%3D&trackingId=B%2BLq2StBFV3PauYFJ6I4gA%3D%3D,Automotive Research Association of India (ARAI),https://in.linkedin.com/company/the-automotive-research-association-of-india?trk=public_jobs_topcard-org-name,"Pune, Maharashtra, India",,Associate,Full-time,Other,Automotive,1 week ago,https://media.licdn.com/dms/image/v2/D4D0BAQFwF6oYU3Xi5Q/company-logo_100_100/company-logo_100_100/0/1709282563861/the_automotive_research_association_of_india_logo?e=2147483647&v=beta&t=lVmu6u1AgtOsGUXKiFp5spDuMn6cDOqNOR8YK05eHS4
19,"Engineer - Manufacturing Science & Technology, ACG Capsules (Manufacturing Science & Technology)",https://in.linkedin.com/jobs/view/engineer-manufacturing-science-technology-acg-capsules-manufacturing-science-technology-at-acg-world-4170246813?position=19&pageNum=0&refId=H3uwR95u%2F141YxztCVit8Q%3D%3D&trackingId=5mMmoJtf58URe7r%2FvoYvmQ%3D%3D,ACG World,https://in.linkedin.com/company/acg-world?trk=public_jobs_topcard-org-name,"Dahanu, Maharashtra, India",Actively Hiring,Entry level,Full-time,Engineering and Information Technology,Pharmaceutical Manufacturing,2 days ago,https://media.licdn.com/dms/image/v2/D4D0BAQEa4jC4llfgKQ/company-logo_100_100/company-logo_100_100/0/1692939432268/acg_world_logo?e=2147483647&v=beta&t=vHaZuR9l3bj2d7UIJF80xpwwUIHP5GQb0hRhgnqHhGg
20,Software Engineer,https://in.linkedin.com/jobs/view/software-engineer-at-kpmg-india-4170105699?position=20&pageNum=0&refId=H3uwR95u%2F141YxztCVit8Q%3D%3D&trackingId=oJXC5Gwq5GlWMrVtyHcEUA%3D%3D,KPMG India,https://in.linkedin.com/company/kpmgindia?trk=public_jobs_topcard-org-name,"Bengaluru, Karnataka, India",Actively Hiring,Associate,Full-time,"Consulting, Engineering, and Information Technology","Business Consulting and Services, IT Services and IT Consulting, and Technology, Information and Media",4 days ago,https://media.licdn.com/dms/image/v2/D4D0BAQHIpYzIxl3Tzw/company-logo_100_100/company-logo_100_100/0/1725976856949/kpmgindia_logo?e=2147483647&v=beta&t=FRZBZknshwNu1rblwIIv7KhqsAVvpsN5i1Jt52lP_PY
21,Automation Engineer,https://in.linkedin.com/jobs/view/automation-engineer-at-tata-electronics-4170798187?position=21&pageNum=0&refId=H3uwR95u%2F141YxztCVit8Q%3D%3D&trackingId=qek832ZlqcWrx2nyMP2MbA%3D%3D,Tata Electronics,https://in.linkedin.com/company/tataelectronicspvtltd?trk=public_jobs_topcard-org-name,"Kolar, Karnataka, India",,Associate,Full-time,Manufacturing,Manufacturing and Semiconductor Manufacturing,3 days ago,https://media.licdn.com/dms/image/v2/D560BAQGUfMOwSwX5Nw/company-logo_100_100/company-logo_100_100/0/1733900139257/tataelectronicspvtltd_logo?e=2147483647&v=beta&t=LchxnMHArGoJ86HLP3k9wArV2LGzf-uNrluEF28USKI
22,Engineer MIQA,https://in.linkedin.com/jobs/view/engineer-miqa-at-reliance-industries-limited-4153810387?position=22&pageNum=0&refId=H3uwR95u%2F141YxztCVit8Q%3D%3D&trackingId=FkgLaSfJuT2fPre79%2FgmtA%3D%3D,Reliance Industries Limited,https://in.linkedin.com/company/reliance?trk=public_jobs_topcard-org-name,"Kakinada, Andhra Pradesh, India",Actively Hiring,Associate,Full-time,"Engineering, Manufacturing, and Other","Oil and Coal Product Manufacturing and Oil, Gas, and Mining",1 week ago,https://media.licdn.com/dms/image/v2/C560BAQGL2p38Nc6Qkg/company-logo_100_100/company-logo_100_100/0/1661518370542/reliance_logo?e=2147483647&v=beta&t=e4NmhlSkhg2caAh_-xoMrtdjSvxY8gaMtLs8qbWZ5Pk
23,"Software Engineer I, ITC",https://in.linkedin.com/jobs/view/software-engineer-i-itc-at-nike-4167281899?position=23&pageNum=0&refId=H3uwR95u%2F141YxztCVit8Q%3D%3D&trackingId=8CaYVQhW8W%2BYY%2B7Etl5%2BYg%3D%3D,Nike,https://www.linkedin.com/company/nike?trk=public_jobs_topcard-org-name,"Karnataka, India",Actively Hiring,Entry level,Full-time,Information Technology and Engineering,Retail,1 week ago,https://media.licdn.com/dms/image/v2/D560BAQHJk7IdfuV1Dw/company-logo_100_100/company-logo_100_100/0/1732131503851/nike_logo?e=2147483647&v=beta&t=qF7rqr8Es8BnExo0QJcZr_vvtzGkir2vjZAg4fcS9hY
24,Engineer / Senior Engineer - Manufacturing Engineering,https://in.linkedin.com/jobs/view/engineer-senior-engineer-manufacturing-engineering-at-emerson-4167943738?position=24&pageNum=0&refId=H3uwR95u%2F141YxztCVit8Q%3D%3D&trackingId=OO83Mm%2B%2BQ2lo%2B59DvsWGLg%3D%3D,Emerson,https://www.linkedin.com/company/emerson?trk=public_jobs_topcard-org-name,"Chennai, Tamil Nadu, India",Actively Hiring,Mid-Senior level,Full-time,Production and Manufacturing,Industrial Machinery Manufacturing,4 days ago,https://media.licdn.com/dms/image/v2/D4E0BAQGR6FSAnbBWcQ/company-logo_100_100/company-logo_100_100/0/1719847292094/emerson_logo?e=2147483647&v=beta&t=cQc4Xf708t7quqrf1BkItwvh_lWHbqa1ewpEYk_vZDw
25,System Engineer,https://in.linkedin.com/jobs/view/system-engineer-at-hdfc-securities-4167916874?position=25&pageNum=0&refId=H3uwR95u%2F141YxztCVit8Q%3D%3D&trackingId=4O4kBntsgJnovCroGOxMFA%3D%3D,HDFC securities,https://in.linkedin.com/company/hdfc-securities?trk=public_jobs_topcard-org-name,"Mumbai, Maharashtra, India",Actively Hiring,Mid-Senior level,Full-time,Information Technology,Financial Services,4 days ago,https://media.licdn.com/dms/image/v2/C4D0BAQEv2OAGKy4_3Q/company-logo_100_100/company-logo_100_100/0/1630472648642/hdfc_securities_logo?e=2147483647&v=beta&t=lZUpyWIFTZGUA9ftQBZL8z4Y15ow2TcmMhM0TkXRMVg
26,Purchase Engineer/manager,https://in.linkedin.com/jobs/view/purchase-engineer-manager-at-larsen-toubro-4170983084?position=26&pageNum=0&refId=H3uwR95u%2F141YxztCVit8Q%3D%3D&trackingId=0DA4QpOuyliMnS3c%2BYBOaw%3D%3D,Larsen & Toubro,https://in.linkedin.com/company/larsen-&-toubro-limited?trk=public_jobs_topcard-org-name,"Surat, Gujarat, India",Actively Hiring,Entry level,Full-time,Purchasing and Supply Chain,Executive Offices,2 days ago,https://media.licdn.com/dms/image/v2/C4D0BAQFnEYpR8MlYsA/company-logo_100_100/company-logo_100_100/0/1631300737624?e=2147483647&v=beta&t=XwrPkxNIwc_l-G-D6Dfak1uo1oK-wEZfcwpUN3QD9WQ
27,Industrial/Manufacturing Engineer,https://in.linkedin.com/jobs/view/industrial-manufacturing-engineer-at-l-t-technology-services-4174441925?position=27&pageNum=0&refId=H3uwR95u%2F141YxztCVit8Q%3D%3D&trackingId=p5XfvO9PQINVv8Er3dOoeQ%3D%3D,L&T Technology Services,https://in.linkedin.com/company/l&t-technology-services-limited?trk=public_jobs_topcard-org-name,"Chennai, Tamil Nadu, India",Actively Hiring,Entry level,Full-time,Engineering and Manufacturing,Engineering Services,8 hours ago,https://media.licdn.com/dms/image/v2/D4D0BAQF44VAW2ygFJQ/company-logo_100_100/company-logo_100_100/0/1729158400860/lt_technology_services_limited_logo?e=2147483647&v=beta&t=tJgB-csuFJ-smAdeR08b9didgNs_DAOYlXp-NP4jgnA
28,Engineer Mechanical Maintenance ( 81710505),https://in.linkedin.com/jobs/view/engineer-mechanical-maintenance-81710505-at-reliance-industries-limited-4174060960?position=28&pageNum=0&refId=H3uwR95u%2F141YxztCVit8Q%3D%3D&trackingId=P%2BR5o8Tt2eBHgH4XI1ozkw%3D%3D,Reliance Industries Limited,https://in.linkedin.com/company/reliance?trk=public_jobs_topcard-org-name,"Shahdol, Madhya Pradesh, India",Actively Hiring,Associate,Full-time,Engineering and Information Technology,Oil and Gas,23 hours ago,https://media.licdn.com/dms/image/v2/C560BAQGL2p38Nc6Qkg/company-logo_100_100/company-logo_100_100/0/1661518370542/reliance_logo?e=2147483647&v=beta&t=e4NmhlSkhg2caAh_-xoMrtdjSvxY8gaMtLs8qbWZ5Pk
29,Manufacturing Engineer - Assembly,https://in.linkedin.com/jobs/view/manufacturing-engineer-assembly-at-caterpillar-inc-4169074887?position=29&pageNum=0&refId=H3uwR95u%2F141YxztCVit8Q%3D%3D&trackingId=YgTfUYUzJW0Rxne4N4JDrQ%3D%3D,Caterpillar Inc.,https://www.linkedin.com/company/caterpillar-inc?trk=public_jobs_topcard-org-name,"Chennai, Tamil Nadu, India",Actively Hiring,Not Applicable,Full-time,Engineering and Information Technology,Construction and Machinery Manufacturing,3 days ago,https://media.licdn.com/dms/image/v2/D560BAQG5bofxzT4nIw/company-logo_100_100/company-logo_100_100/0/1666113238735/caterpillar_inc_logo?e=2147483647&v=beta&t=i8IwYTkTGme6JQI8mFUMvvFSx9no10eluM-nevk-1KI
30,Project Quality Engineer,https://in.linkedin.com/jobs/view/project-quality-engineer-at-larsen-toubro-4171058479?position=30&pageNum=0&refId=H3uwR95u%2F141YxztCVit8Q%3D%3D&trackingId=b6O24tnsN0IliDmXsPrA1g%3D%3D,Larsen & Toubro,https://in.linkedin.com/company/larsen-&-toubro-limited?trk=public_jobs_topcard-org-name,"Chorasi, Gujarat, India",Actively Hiring,Entry level,Full-time,Quality Assurance,Executive Offices,3 days ago,https://media.licdn.com/dms/image/v2/C4D0BAQFnEYpR8MlYsA/company-logo_100_100/company-logo_100_100/0/1631300737624?e=2147483647&v=beta&t=XwrPkxNIwc_l-G-D6Dfak1uo1oK-wEZfcwpUN3QD9WQ
31,Site QA / QC Engineer,https://in.linkedin.com/jobs/view/site-qa-qc-engineer-at-larsen-toubro-4172060392?position=31&pageNum=0&refId=H3uwR95u%2F141YxztCVit8Q%3D%3D&trackingId=tW4pPjJAnsJ%2Bb%2FDECicC7A%3D%3D,Larsen & Toubro,https://in.linkedin.com/company/larsen-&-toubro-limited?trk=public_jobs_topcard-org-name,"Gujarat, India",Actively Hiring,Entry level,Full-time,Quality Assurance,Executive Offices,9 hours ago,https://media.licdn.com/dms/image/v2/C4D0BAQFnEYpR8MlYsA/company-logo_100_100/company-logo_100_100/0/1631300737624?e=2147483647&v=beta&t=XwrPkxNIwc_l-G-D6Dfak1uo1oK-wEZfcwpUN3QD9WQ
32,Engineer Maintenance- Civil,https://in.linkedin.com/jobs/view/engineer-maintenance-civil-at-reliance-industries-limited-4174451025?position=32&pageNum=0&refId=H3uwR95u%2F141YxztCVit8Q%3D%3D&trackingId=2dixHJ0OcN8TIh6qYrCX6Q%3D%3D,Reliance Industries Limited,https://in.linkedin.com/company/reliance?trk=public_jobs_topcard-org-name,"Jamnagar, Gujarat, India",Be an early applicant,Mid-Senior level,Full-time,Management and Manufacturing,Oil and Gas,23 hours ago,https://media.licdn.com/dms/image/v2/C560BAQGL2p38Nc6Qkg/company-logo_100_100/company-logo_100_100/0/1661518370542/reliance_logo?e=2147483647&v=beta&t=e4NmhlSkhg2caAh_-xoMrtdjSvxY8gaMtLs8qbWZ5Pk
33,Manufacturing Engineer - Assembly,https://in.linkedin.com/jobs/view/manufacturing-engineer-assembly-at-caterpillar-inc-4169080070?position=33&pageNum=0&refId=H3uwR95u%2F141YxztCVit8Q%3D%3D&trackingId=hMUwlwXoPcrLtgznobqvfg%3D%3D,Caterpillar Inc.,https://www.linkedin.com/company/caterpillar-inc?trk=public_jobs_topcard-org-name,"Chennai, Tamil Nadu, India",Actively Hiring,Not Applicable,Full-time,Engineering and Information Technology,Construction and Machinery Manufacturing,3 days ago,https://media.licdn.com/dms/image/v2/D560BAQG5bofxzT4nIw/company-logo_100_100/company-logo_100_100/0/1666113238735/caterpillar_inc_logo?e=2147483647&v=beta&t=i8IwYTkTGme6JQI8mFUMvvFSx9no10eluM-nevk-1KI
34,Brakes Engineer,https://in.linkedin.com/jobs/view/brakes-engineer-at-ather-energy-4153684828?position=34&pageNum=0&refId=H3uwR95u%2F141YxztCVit8Q%3D%3D&trackingId=kZEWGEx8%2BHVmW4gbOLQlqw%3D%3D,Ather Energy,https://in.linkedin.com/company/ather-energy?trk=public_jobs_topcard-org-name,"Bengaluru, Karnataka, India",Actively Hiring,Mid-Senior level,Full-time,Engineering,Motor Vehicle Manufacturing,1 week ago,https://media.licdn.com/dms/image/v2/D4D0BAQGa0fPUKCRWuQ/company-logo_100_100/company-logo_100_100/0/1704522121216/ather_energy_logo?e=2147483647&v=beta&t=OFEDDP45SrMun9MrIoxZLIOvFaFFoNoX4bGnUDpZHj0
35,Quality Engineer,https://in.linkedin.com/jobs/view/quality-engineer-at-exxonmobil-4168695973?position=35&pageNum=0&refId=H3uwR95u%2F141YxztCVit8Q%3D%3D&trackingId=V5haFQX1a%2Fv9OK3fnPlevg%3D%3D,ExxonMobil,https://www.linkedin.com/company/exxonmobil?trk=public_jobs_topcard-org-name,"Bengaluru, Karnataka, India",Actively Hiring,Entry level,Full-time,Project Management,Oil and Gas,4 days ago,https://media.licdn.com/dms/image/v2/C4D0BAQE_IRWZ2qVHpw/company-logo_100_100/company-logo_100_100/0/1631303598129?e=2147483647&v=beta&t=20NshSkLIzCoKGk7fkNxWckGM7OnZQ5_ddDzZ5Pcwqk
36,Design Engineer - Fresher (Mech),https://in.linkedin.com/jobs/view/design-engineer-fresher-mech-at-raveone-consultants-4164049987?position=36&pageNum=0&refId=H3uwR95u%2F141YxztCVit8Q%3D%3D&trackingId=luystt01gonqSROPrca2lg%3D%3D,Raveone Consultants,https://in.linkedin.com/company/hiregrow-consultants?trk=public_jobs_topcard-org-name,"Bengaluru, Karnataka, India",,Entry level,Full-time,Engineering and Information Technology,Business Consulting and Services,1 week ago,https://media.licdn.com/dms/image/v2/D560BAQEPjP3aKt0lyg/company-logo_100_100/B56ZU2_QxhHEAU-/0/1740384308771/hiregrow_consultants_logo?e=2147483647&v=beta&t=y17IiZqC2GmSRSjQLpVjfRAaTFiQUkOlnuNV4VsC-1o
37,Engineering Manager - GENAI/ML,https://in.linkedin.com/jobs/view/engineering-manager-genai-ml-at-flipkart-4145525438?position=37&pageNum=0&refId=H3uwR95u%2F141YxztCVit8Q%3D%3D&trackingId=eZ3Ge8blTPobEmEn9Piqpg%3D%3D,Flipkart,https://in.linkedin.com/company/flipkart?trk=public_jobs_topcard-org-name,Greater Bengaluru Area,Actively Hiring,Mid-Senior level,Full-time,Information Technology,"Technology, Information and Internet, Software Development, and IT System Custom Software Development",3 weeks ago,https://media.licdn.com/dms/image/v2/D560BAQEb2s2nxdNpXQ/company-logo_100_100/B56ZUT2sHrGoAU-/0/1739794858896/flipkart_logo?e=2147483647&v=beta&t=A-7V8U9rQ1x5X3QtGLdHBstACfjyTru-J5aEr1S2ti4
38,131=Senior Engineer - Production,https://in.linkedin.com/jobs/view/131%3Dsenior-engineer-production-at-adani-defence-and-aerospace-4169067953?position=38&pageNum=0&refId=H3uwR95u%2F141YxztCVit8Q%3D%3D&trackingId=bfV2WlWel5JwcphYrifJQQ%3D%3D,Adani Defence and Aerospace,https://in.linkedin.com/company/adani-defence-and-aerospace?trk=public_jobs_topcard-org-name,"Kanpur, Uttar Pradesh, India",,Entry level,Full-time,Management and Manufacturing,Defense and Space Manufacturing,3 days ago,https://media.licdn.com/dms/image/v2/D4D0BAQGSn_nB4nI65g/company-logo_100_100/company-logo_100_100/0/1689749226793/adani_defence_and_aerospace_logo?e=2147483647&v=beta&t=vfBA5bvEm5unu8Cw_fIAghgbgC5N7SwirWIawvXb2Bc
39,Consultant Engineer,https://in.linkedin.com/jobs/view/consultant-engineer-at-fm-4149048809?position=39&pageNum=0&refId=H3uwR95u%2F141YxztCVit8Q%3D%3D&trackingId=KPe8UUxM20HgJubgOodHjQ%3D%3D,FM,https://www.linkedin.com/company/fm?trk=public_jobs_topcard-org-name,"Bangalore Urban, Karnataka, India",Actively Hiring,Associate,Full-time,Consulting and Engineering,"Insurance, Industrial Machinery Manufacturing, and Engineering Services",2 weeks ago,https://media.licdn.com/dms/image/v2/D4E0BAQEY7AWBjO5ASA/company-logo_100_100/company-logo_100_100/0/1721223237412/thefmgroup_logo?e=2147483647&v=beta&t=hwricR42d7s_0dkRfcWfhxrO7nIlMvUk8HCqtpiJN5k
40,Engineer,https://in.linkedin.com/jobs/view/engineer-at-adani-power-4167506152?position=40&pageNum=0&refId=H3uwR95u%2F141YxztCVit8Q%3D%3D&trackingId=SSfgH5PICagPs3dJkH86%2Bw%3D%3D,Adani Power,https://in.linkedin.com/company/adani-power-limited?trk=public_jobs_topcard-org-name,"Raipur, Chhattisgarh, India",,Entry level,Full-time,Engineering and Information Technology,Utilities,6 days ago,https://media.licdn.com/dms/image/v2/C510BAQGqZqAVCWx9Cw/company-logo_100_100/company-logo_100_100/0/1630586066656/adani_power_limited_logo?e=2147483647&v=beta&t=dB8WR6RMOESCtxbe96U5RXG-P1o3uedODz_RN1UAwM8
41,Planning Engineer/ Sr. Planning Engineer - RPMG.,https://in.linkedin.com/jobs/view/planning-engineer-sr-planning-engineer-rpmg-at-reliance-industries-limited-4174084071?position=41&pageNum=0&refId=H3uwR95u%2F141YxztCVit8Q%3D%3D&trackingId=QZ7IkJ%2FFs%2FfPkQTig9js3Q%3D%3D,Reliance Industries Limited,https://in.linkedin.com/company/reliance?trk=public_jobs_topcard-org-name,"Jamnagar, Gujarat, India",Be an early applicant,Director,Full-time,Strategy/Planning,Oil and Gas,23 hours ago,https://media.licdn.com/dms/image/v2/C560BAQGL2p38Nc6Qkg/company-logo_100_100/company-logo_100_100/0/1661518370542/reliance_logo?e=2147483647&v=beta&t=e4NmhlSkhg2caAh_-xoMrtdjSvxY8gaMtLs8qbWZ5Pk
42,Quality Inspection Engineer (Project),https://in.linkedin.com/jobs/view/quality-inspection-engineer-project-at-larsen-toubro-4168407507?position=42&pageNum=0&refId=H3uwR95u%2F141YxztCVit8Q%3D%3D&trackingId=g0ryfSNUnsxTJHZn86gbrA%3D%3D,Larsen & Toubro,https://in.linkedin.com/company/larsen-&-toubro-limited?trk=public_jobs_topcard-org-name,"Mumbai, Maharashtra, India",Actively Hiring,Entry level,Full-time,Engineering and Information Technology,Executive Offices,5 days ago,https://media.licdn.com/dms/image/v2/C4D0BAQFnEYpR8MlYsA/company-logo_100_100/company-logo_100_100/0/1631300737624?e=2147483647&v=beta&t=XwrPkxNIwc_l-G-D6Dfak1uo1oK-wEZfcwpUN3QD9WQ
43,Contract Engineer (Mechanical),https://in.linkedin.com/jobs/view/contract-engineer-mechanical-at-reliance-industries-limited-4174047870?position=44&pageNum=0&refId=H3uwR95u%2F141YxztCVit8Q%3D%3D&trackingId=2RAkDeT%2B9wCQIVpsD7ga5A%3D%3D,Reliance Industries Limited,https://in.linkedin.com/company/reliance?trk=public_jobs_topcard-org-name,"Bharuch, Gujarat, India",Be an early applicant,Associate,Full-time,Engineering and Information Technology,Oil and Gas,23 hours ago,https://media.licdn.com/dms/image/v2/C560BAQGL2p38Nc6Qkg/company-logo_100_100/company-logo_100_100/0/1661518370542/reliance_logo?e=2147483647&v=beta&t=e4NmhlSkhg2caAh_-xoMrtdjSvxY8gaMtLs8qbWZ5Pk
44,Engineering Manager,https://in.linkedin.com/jobs/view/engineering-manager-at-razorpay-4108118808?position=45&pageNum=0&refId=H3uwR95u%2F141YxztCVit8Q%3D%3D&trackingId=ei3WixNM04VE4ZmztHXLcw%3D%3D,Razorpay,https://in.linkedin.com/company/razorpay?trk=public_jobs_topcard-org-name,"Bengaluru, Karnataka, India",Actively Hiring,Mid-Senior level,Full-time,Information Technology,Software Development,1 month ago,https://media.licdn.com/dms/image/v2/C560BAQHggYLcXxs78w/company-logo_100_100/company-logo_100_100/0/1630638664845/razorpay_logo?e=2147483647&v=beta&t=vSklXxLk5ZXiNY1yEhR927lVmQtmRcaOEynF6EJbmFE
45,127=Senior Engineer - Production,https://in.linkedin.com/jobs/view/127%3Dsenior-engineer-production-at-adani-defence-and-aerospace-4169068914?position=46&pageNum=0&refId=H3uwR95u%2F141YxztCVit8Q%3D%3D&trackingId=6sg0WZWQK466PtBjSVUMqg%3D%3D,Adani Defence and Aerospace,https://in.linkedin.com/company/adani-defence-and-aerospace?trk=public_jobs_topcard-org-name,"Kanpur, Uttar Pradesh, India",,Entry level,Full-time,Management and Manufacturing,Defense and Space Manufacturing,3 days ago,https://media.licdn.com/dms/image/v2/D4D0BAQGSn_nB4nI65g/company-logo_100_100/company-logo_100_100/0/1689749226793/adani_defence_and_aerospace_logo?e=2147483647&v=beta&t=vfBA5bvEm5unu8Cw_fIAghgbgC5N7SwirWIawvXb2Bc
46,Manager - Process Engineering,https://in.linkedin.com/jobs/view/manager-process-engineering-at-pidilite-industries-limited-4097656900?position=47&pageNum=0&refId=H3uwR95u%2F141YxztCVit8Q%3D%3D&trackingId=6Jdf4VpBa7kxSf7X%2F45i3A%3D%3D,Pidilite Industries Limited,https://in.linkedin.com/company/pidilite-industries?trk=public_jobs_topcard-org-name,"Mumbai, Maharashtra, India",Actively Hiring,Mid-Senior level,Full-time,Engineering and Information Technology,Chemical Manufacturing,2 weeks ago,https://media.licdn.com/dms/image/v2/C4E0BAQGFJp7Vx-TWkw/company-logo_100_100/company-logo_100_100/0/1631356567151?e=2147483647&v=beta&t=0w-EsAXOZ7f2NdSf4Easqbh2u-UwR2kBHBfa2oaC5ks
47,Maintenance Programs Engineer [T500-16570],https://in.linkedin.com/jobs/view/maintenance-programs-engineer-t500-16570-at-delta-air-lines-4169716377?position=48&pageNum=0&refId=H3uwR95u%2F141YxztCVit8Q%3D%3D&trackingId=tf3MVFBRnKBb2PP1LjIQcQ%3D%3D,Delta Air Lines,https://www.linkedin.com/company/delta-air-lines?trk=public_jobs_topcard-org-name,"Bengaluru, Karnataka, India",Actively Hiring,Mid-Senior level,Full-time,Engineering and Information Technology,Airlines and Aviation,4 days ago,https://media.licdn.com/dms/image/v2/D4E0BAQEOm_XRWPM8FA/company-logo_100_100/company-logo_100_100/0/1736347498994/delta_air_lines_logo?e=2147483647&v=beta&t=o-2YXHpve6IWjywL4cV8EKaRaxABOen_85pJYg7bNW4
48,Contracts Engineer (Mechanical),https://in.linkedin.com/jobs/view/contracts-engineer-mechanical-at-reliance-industries-limited-4174053150?position=49&pageNum=0&refId=H3uwR95u%2F141YxztCVit8Q%3D%3D&trackingId=DU5wO%2FDxV8H3KbVumidWRQ%3D%3D,Reliance Industries Limited,https://in.linkedin.com/company/reliance?trk=public_jobs_topcard-org-name,"Navi Mumbai, Maharashtra, India",Be an early applicant,Associate,Full-time,Engineering and Information Technology,Oil and Gas,23 hours ago,https://media.licdn.com/dms/image/v2/C560BAQGL2p38Nc6Qkg/company-logo_100_100/company-logo_100_100/0/1661518370542/reliance_logo?e=2147483647&v=beta&t=e4NmhlSkhg2caAh_-xoMrtdjSvxY8gaMtLs8qbWZ5Pk
49,Engineer,https://in.linkedin.com/jobs/view/engineer-at-hyundai-engineering-co-ltd-4117389221?position=50&pageNum=0&refId=H3uwR95u%2F141YxztCVit8Q%3D%3D&trackingId=LJtAdH8mcQhy3zWWZS9aEQ%3D%3D,Hyundai Engineering Co. Ltd.,https://kr.linkedin.com/company/hyundaieng?trk=public_jobs_topcard-org-name,"Chennai, Tamil Nadu, India",,Not Applicable,Full-time,"Design, Engineering, and Project Management",Oil and Gas,16 hours ago,https://media.licdn.com/dms/image/v2/C560BAQG9wnXVLVQ2pw/company-logo_100_100/company-logo_100_100/0/1676419046522/hyundaieng_logo?e=2147483647&v=beta&t=mi9IBoCFEHC6cn7QfShfXvJdiDEk9_mnC-xT5XkOD0w
50,Sr. Engineer Production Optimization,https://in.linkedin.com/jobs/view/sr-engineer-production-optimization-at-reliance-industries-limited-4174052910?position=51&pageNum=0&refId=H3uwR95u%2F141YxztCVit8Q%3D%3D&trackingId=nPBrmVUcRZr8FdRNJ64mNQ%3D%3D,Reliance Industries Limited,https://in.linkedin.com/company/reliance?trk=public_jobs_topcard-org-name,"Shahdol, Madhya Pradesh, India",Be an early applicant,Director,Full-time,Management and Manufacturing,Oil and Gas,23 hours ago,https://media.licdn.com/dms/image/v2/C560BAQGL2p38Nc6Qkg/company-logo_100_100/company-logo_100_100/0/1661518370542/reliance_logo?e=2147483647&v=beta&t=e4NmhlSkhg2caAh_-xoMrtdjSvxY8gaMtLs8qbWZ5Pk
51,Site QA / QC Engineer - Mechanical / Electrical,https://in.linkedin.com/jobs/view/site-qa-qc-engineer-mechanical-electrical-at-larsen-toubro-4172061219?position=52&pageNum=0&refId=H3uwR95u%2F141YxztCVit8Q%3D%3D&trackingId=n7gcvL6xsPQE9zS%2BGUYHyg%3D%3D,Larsen & Toubro,https://in.linkedin.com/company/larsen-&-toubro-limited?trk=public_jobs_topcard-org-name,"Jaipur, Rajasthan, India",Actively Hiring,Entry level,Full-time,Quality Assurance,Executive Offices,9 hours ago,https://media.licdn.com/dms/image/v2/C4D0BAQFnEYpR8MlYsA/company-logo_100_100/company-logo_100_100/0/1631300737624?e=2147483647&v=beta&t=XwrPkxNIwc_l-G-D6Dfak1uo1oK-wEZfcwpUN3QD9WQ
52,Project Engineer,https://in.linkedin.com/jobs/view/project-engineer-at-gradiant-4168377686?position=53&pageNum=0&refId=H3uwR95u%2F141YxztCVit8Q%3D%3D&trackingId=TvHZr3NNZZ9ogQeWJFk3xQ%3D%3D,Gradiant,https://www.linkedin.com/company/gradiant-corporation?trk=public_jobs_topcard-org-name,"Chennai, Tamil Nadu, India",Actively Hiring,Associate,Full-time,Project Management,"Environmental Services and Air, Water, and Waste Program Management",5 days ago,https://media.licdn.com/dms/image/v2/D560BAQF7x2xfcPdsmw/company-logo_100_100/company-logo_100_100/0/1683821521584?e=2147483647&v=beta&t=TMQjETwGJ_FRh0VLlXYteXtjZXeVdRx7Y-qFS-xeFGw
53,HDFC Securities - Application/Production Support Engineer - Troubleshooting,https://in.linkedin.com/jobs/view/hdfc-securities-application-production-support-engineer-troubleshooting-at-hdfc-securities-4167340712?position=54&pageNum=0&refId=H3uwR95u%2F141YxztCVit8Q%3D%3D&trackingId=0V8AfFf8W8WjEg0HbsYBww%3D%3D,HDFC securities,https://in.linkedin.com/company/hdfc-securities?trk=public_jobs_topcard-org-name,"Navi Mumbai, Maharashtra, India",Actively Hiring,Entry level,Full-time,Information Technology,"Technology, Information and Internet, Software Development, and Technology, Information and Media",6 days ago,https://media.licdn.com/dms/image/v2/C4D0BAQEv2OAGKy4_3Q/company-logo_100_100/company-logo_100_100/0/1630472648642/hdfc_securities_logo?e=2147483647&v=beta&t=lZUpyWIFTZGUA9ftQBZL8z4Y15ow2TcmMhM0TkXRMVg
54,Planning Engineer,https://in.linkedin.com/jobs/view/planning-engineer-at-reliance-industries-limited-4174073422?position=55&pageNum=0&refId=H3uwR95u%2F141YxztCVit8Q%3D%3D&trackingId=rby5CLpDqaAMKbUWP9858w%3D%3D,Reliance Industries Limited,https://in.linkedin.com/company/reliance?trk=public_jobs_topcard-org-name,Mumbai Metropolitan Region,Actively Hiring,Director,Full-time,Engineering,Real Estate,23 hours ago,https://media.licdn.com/dms/image/v2/C560BAQGL2p38Nc6Qkg/company-logo_100_100/company-logo_100_100/0/1661518370542/reliance_logo?e=2147483647&v=beta&t=e4NmhlSkhg2caAh_-xoMrtdjSvxY8gaMtLs8qbWZ5Pk
55,Anodizing (SF ) - Cleaning Engineer,https://in.linkedin.com/jobs/view/anodizing-sf-cleaning-engineer-at-tata-electronics-4162952948?position=56&pageNum=0&refId=H3uwR95u%2F141YxztCVit8Q%3D%3D&trackingId=UvXZqHvRG%2BmM7y9bX3gxxA%3D%3D,Tata Electronics,https://in.linkedin.com/company/tataelectronicspvtltd?trk=public_jobs_topcard-org-name,"Hosur, Tamil Nadu, India",,Associate,Full-time,Manufacturing,Manufacturing,6 days ago,https://media.licdn.com/dms/image/v2/D560BAQGUfMOwSwX5Nw/company-logo_100_100/company-logo_100_100/0/1733900139257/tataelectronicspvtltd_logo?e=2147483647&v=beta&t=LchxnMHArGoJ86HLP3k9wArV2LGzf-uNrluEF28USKI
56,Project Engineer/ Sr. Project Engineer - IDC,https://in.linkedin.com/jobs/view/project-engineer-sr-project-engineer-idc-at-reliance-industries-limited-4174074442?position=57&pageNum=0&refId=H3uwR95u%2F141YxztCVit8Q%3D%3D&trackingId=OzxUNmWWiZ%2F4kWMCOMYDug%3D%3D,Reliance Industries Limited,https://in.linkedin.com/company/reliance?trk=public_jobs_topcard-org-name,"Jamnagar, Gujarat, India",Actively Hiring,Director,Full-time,Project Management,Oil and Gas,23 hours ago,https://media.licdn.com/dms/image/v2/C560BAQGL2p38Nc6Qkg/company-logo_100_100/company-logo_100_100/0/1661518370542/reliance_logo?e=2147483647&v=beta&t=e4NmhlSkhg2caAh_-xoMrtdjSvxY8gaMtLs8qbWZ5Pk
57,Engineer Quality LMTG,https://in.linkedin.com/jobs/view/engineer-quality-lmtg-at-larsen-toubro-4165217653?position=58&pageNum=0&refId=H3uwR95u%2F141YxztCVit8Q%3D%3D&trackingId=qcTWvlspasMuSJbfX9JM%2BA%3D%3D,Larsen & Toubro,https://in.linkedin.com/company/larsen-&-toubro-limited?trk=public_jobs_topcard-org-name,"Chorasi, Gujarat, India",Actively Hiring,Entry level,Full-time,Quality Assurance,Executive Offices,6 days ago,https://media.licdn.com/dms/image/v2/C4D0BAQFnEYpR8MlYsA/company-logo_100_100/company-logo_100_100/0/1631300737624?e=2147483647&v=beta&t=XwrPkxNIwc_l-G-D6Dfak1uo1oK-wEZfcwpUN3QD9WQ
58,Quality Engineer,https://in.linkedin.com/jobs/view/quality-engineer-at-ltimindtree-4169083419?position=59&pageNum=0&refId=H3uwR95u%2F141YxztCVit8Q%3D%3D&trackingId=2CJno%2FfmxMbk75o8ADciOw%3D%3D,LTIMindtree,https://in.linkedin.com/company/ltimindtree?trk=public_jobs_topcard-org-name,"Pune, Maharashtra, India",Actively Hiring,Mid-Senior level,Full-time,Information Technology,IT Services and IT Consulting,3 days ago,https://media.licdn.com/dms/image/v2/D560BAQGGLta3hPvdRg/company-logo_100_100/company-logo_100_100/0/1735812238218/ltimindtree_logo?e=2147483647&v=beta&t=wGtBGn7ctNG_rO3f3VqNE37p2OjZqypS_kzg9ImllhI
59,Engineering Manager,https://in.linkedin.com/jobs/view/engineering-manager-at-razorpay-4152101458?position=60&pageNum=0&refId=H3uwR95u%2F141YxztCVit8Q%3D%3D&trackingId=8dES5IkbolGoG92QGQmCKA%3D%3D,Razorpay,https://in.linkedin.com/company/razorpay?trk=public_jobs_topcard-org-name,"Bangalore Urban, Karnataka, India",Actively Hiring,Mid-Senior level,Full-time,Engineering,Software Development,2 weeks ago,https://media.licdn.com/dms/image/v2/C560BAQHggYLcXxs78w/company-logo_100_100/company-logo_100_100/0/1630638664845/razorpay_logo?e=2147483647&v=beta&t=vSklXxLk5ZXiNY1yEhR927lVmQtmRcaOEynF6EJbmFE
60,Purchase Engineer/manager,https://in.linkedin.com/jobs/view/purchase-engineer-manager-at-larsen-toubro-4170983084?position=1&pageNum=2&refId=Z5%2Bcfe11YwwWjU%2Bo%2FlLifQ%3D%3D&trackingId=2rXorvhLQ%2BTCqbcS2UI7rg%3D%3D,Larsen & Toubro,https://in.linkedin.com/company/larsen-&-toubro-limited?trk=public_jobs_topcard-org-name,"Surat, Gujarat, India",Actively Hiring,Entry level,Full-time,Purchasing and Supply Chain,Executive Offices,2 days ago,https://media.licdn.com/dms/image/v2/C4D0BAQFnEYpR8MlYsA/company-logo_100_100/company-logo_100_100/0/1631300737624?e=2147483647&v=beta&t=XwrPkxNIwc_l-G-D6Dfak1uo1oK-wEZfcwpUN3QD9WQ
61,Industrial/Manufacturing Engineer,https://in.linkedin.com/jobs/view/industrial-manufacturing-engineer-at-l-t-technology-services-4174441925?position=2&pageNum=2&refId=Z5%2Bcfe11YwwWjU%2Bo%2FlLifQ%3D%3D&trackingId=%2FLVvAm%2B3TYeMlHDOR854JQ%3D%3D,L&T Technology Services,https://in.linkedin.com/company/l&t-technology-services-limited?trk=public_jobs_topcard-org-name,"Chennai, Tamil Nadu, India",Actively Hiring,Entry level,Full-time,Engineering and Manufacturing,Engineering Services,8 hours ago,https://media.licdn.com/dms/image/v2/D4D0BAQF44VAW2ygFJQ/company-logo_100_100/company-logo_100_100/0/1729158400860/lt_technology_services_limited_logo?e=2147483647&v=beta&t=tJgB-csuFJ-smAdeR08b9didgNs_DAOYlXp-NP4jgnA
62,Engineer Mechanical Maintenance ( 81710505),https://in.linkedin.com/jobs/view/engineer-mechanical-maintenance-81710505-at-reliance-industries-limited-4174060960?position=3&pageNum=2&refId=Z5%2Bcfe11YwwWjU%2Bo%2FlLifQ%3D%3D&trackingId=n3zvm8ysrfHvkSNJmZi5pA%3D%3D,Reliance Industries Limited,https://in.linkedin.com/company/reliance?trk=public_jobs_topcard-org-name,"Shahdol, Madhya Pradesh, India",Actively Hiring,Associate,Full-time,Engineering and Information Technology,Oil and Gas,23 hours ago,https://media.licdn.com/dms/image/v2/C560BAQGL2p38Nc6Qkg/company-logo_100_100/company-logo_100_100/0/1661518370542/reliance_logo?e=2147483647&v=beta&t=e4NmhlSkhg2caAh_-xoMrtdjSvxY8gaMtLs8qbWZ5Pk
63,Manufacturing Engineer - Assembly,https://in.linkedin.com/jobs/view/manufacturing-engineer-assembly-at-caterpillar-inc-4169074887?position=4&pageNum=2&refId=Z5%2Bcfe11YwwWjU%2Bo%2FlLifQ%3D%3D&trackingId=CMIDwfADzaWttpYAQt2n9Q%3D%3D,Caterpillar Inc.,https://www.linkedin.com/company/caterpillar-inc?trk=public_jobs_topcard-org-name,"Chennai, Tamil Nadu, India",Actively Hiring,Not Applicable,Full-time,Engineering and Information Technology,Construction and Machinery Manufacturing,3 days ago,https://media.licdn.com/dms/image/v2/D560BAQG5bofxzT4nIw/company-logo_100_100/company-logo_100_100/0/1666113238735/caterpillar_inc_logo?e=2147483647&v=beta&t=i8IwYTkTGme6JQI8mFUMvvFSx9no10eluM-nevk-1KI
64,Project Quality Engineer,https://in.linkedin.com/jobs/view/project-quality-engineer-at-larsen-toubro-4171058479?position=5&pageNum=2&refId=Z5%2Bcfe11YwwWjU%2Bo%2FlLifQ%3D%3D&trackingId=LAol9stspFTZQCZqBdLRjA%3D%3D,Larsen & Toubro,https://in.linkedin.com/company/larsen-&-toubro-limited?trk=public_jobs_topcard-org-name,"Chorasi, Gujarat, India",Actively Hiring,Entry level,Full-time,Quality Assurance,Executive Offices,3 days ago,https://media.licdn.com/dms/image/v2/C4D0BAQFnEYpR8MlYsA/company-logo_100_100/company-logo_100_100/0/1631300737624?e=2147483647&v=beta&t=XwrPkxNIwc_l-G-D6Dfak1uo1oK-wEZfcwpUN3QD9WQ
65,Site QA / QC Engineer,https://in.linkedin.com/jobs/view/site-qa-qc-engineer-at-larsen-toubro-4172060392?position=6&pageNum=2&refId=Z5%2Bcfe11YwwWjU%2Bo%2FlLifQ%3D%3D&trackingId=o%2BW410kMAUTOAR6QVap48g%3D%3D,Larsen & Toubro,https://in.linkedin.com/company/larsen-&-toubro-limited?trk=public_jobs_topcard-org-name,"Gujarat, India",Actively Hiring,Entry level,Full-time,Quality Assurance,Executive Offices,9 hours ago,https://media.licdn.com/dms/image/v2/C4D0BAQFnEYpR8MlYsA/company-logo_100_100/company-logo_100_100/0/1631300737624?e=2147483647&v=beta&t=XwrPkxNIwc_l-G-D6Dfak1uo1oK-wEZfcwpUN3QD9WQ
66,Engineer Maintenance- Civil,https://in.linkedin.com/jobs/view/engineer-maintenance-civil-at-reliance-industries-limited-4174451025?position=7&pageNum=2&refId=Z5%2Bcfe11YwwWjU%2Bo%2FlLifQ%3D%3D&trackingId=T2FU1I6%2FPqFkcPfucYBThg%3D%3D,Reliance Industries Limited,https://in.linkedin.com/company/reliance?trk=public_jobs_topcard-org-name,"Jamnagar, Gujarat, India",Be an early applicant,Mid-Senior level,Full-time,Management and Manufacturing,Oil and Gas,23 hours ago,https://media.licdn.com/dms/image/v2/C560BAQGL2p38Nc6Qkg/company-logo_100_100/company-logo_100_100/0/1661518370542/reliance_logo?e=2147483647&v=beta&t=e4NmhlSkhg2caAh_-xoMrtdjSvxY8gaMtLs8qbWZ5Pk
67,Manufacturing Engineer - Assembly,https://in.linkedin.com/jobs/view/manufacturing-engineer-assembly-at-caterpillar-inc-4169080070?position=8&pageNum=2&refId=Z5%2Bcfe11YwwWjU%2Bo%2FlLifQ%3D%3D&trackingId=PmGLz2aP55chAnWFB3BXdA%3D%3D,Caterpillar Inc.,https://www.linkedin.com/company/caterpillar-inc?trk=public_jobs_topcard-org-name,"Chennai, Tamil Nadu, India",Actively Hiring,Not Applicable,Full-time,Engineering and Information Technology,Construction and Machinery Manufacturing,3 days ago,https://media.licdn.com/dms/image/v2/D560BAQG5bofxzT4nIw/company-logo_100_100/company-logo_100_100/0/1666113238735/caterpillar_inc_logo?e=2147483647&v=beta&t=i8IwYTkTGme6JQI8mFUMvvFSx9no10eluM-nevk-1KI
68,Brakes Engineer,https://in.linkedin.com/jobs/view/brakes-engineer-at-ather-energy-4153684828?position=9&pageNum=2&refId=Z5%2Bcfe11YwwWjU%2Bo%2FlLifQ%3D%3D&trackingId=BQZhcxbiwQlOug4AKAcCgQ%3D%3D,Ather Energy,https://in.linkedin.com/company/ather-energy?trk=public_jobs_topcard-org-name,"Bengaluru, Karnataka, India",Actively Hiring,Mid-Senior level,Full-time,Engineering,Motor Vehicle Manufacturing,1 week ago,https://media.licdn.com/dms/image/v2/D4D0BAQGa0fPUKCRWuQ/company-logo_100_100/company-logo_100_100/0/1704522121216/ather_energy_logo?e=2147483647&v=beta&t=OFEDDP45SrMun9MrIoxZLIOvFaFFoNoX4bGnUDpZHj0
69,Quality Engineer,https://in.linkedin.com/jobs/view/quality-engineer-at-exxonmobil-4168695973?position=10&pageNum=2&refId=Z5%2Bcfe11YwwWjU%2Bo%2FlLifQ%3D%3D&trackingId=s4TfQAfWe7XdBlil8DKeXA%3D%3D,ExxonMobil,https://www.linkedin.com/company/exxonmobil?trk=public_jobs_topcard-org-name,"Bengaluru, Karnataka, India",Actively Hiring,Entry level,Full-time,Project Management,Oil and Gas,4 days ago,https://media.licdn.com/dms/image/v2/C4D0BAQE_IRWZ2qVHpw/company-logo_100_100/company-logo_100_100/0/1631303598129?e=2147483647&v=beta&t=20NshSkLIzCoKGk7fkNxWckGM7OnZQ5_ddDzZ5Pcwqk
70,Site QA / QC Engineer - Mechanical / Electrical,https://in.linkedin.com/jobs/view/site-qa-qc-engineer-mechanical-electrical-at-larsen-toubro-4172061219?position=1&pageNum=5&refId=XGPMSc%2BJyF39NTAyWFeMww%3D%3D&trackingId=sRz2xCrb%2F1J1nlkkD82v1w%3D%3D,Larsen & Toubro,https://in.linkedin.com/company/larsen-&-toubro-limited?trk=public_jobs_topcard-org-name,"Jaipur, Rajasthan, India",Actively Hiring,Entry level,Full-time,Quality Assurance,Executive Offices,9 hours ago,https://media.licdn.com/dms/image/v2/C4D0BAQFnEYpR8MlYsA/company-logo_100_100/company-logo_100_100/0/1631300737624?e=2147483647&v=beta&t=XwrPkxNIwc_l-G-D6Dfak1uo1oK-wEZfcwpUN3QD9WQ
71,Sr. Engineer Production Optimization,https://in.linkedin.com/jobs/view/sr-engineer-production-optimization-at-reliance-industries-limited-4174052910?position=2&pageNum=5&refId=XGPMSc%2BJyF39NTAyWFeMww%3D%3D&trackingId=k%2BJmiZF7Eo9G3WLsyG5CMw%3D%3D,Reliance Industries Limited,https://in.linkedin.com/company/reliance?trk=public_jobs_topcard-org-name,"Shahdol, Madhya Pradesh, India",Be an early applicant,Director,Full-time,Management and Manufacturing,Oil and Gas,23 hours ago,https://media.licdn.com/dms/image/v2/C560BAQGL2p38Nc6Qkg/company-logo_100_100/company-logo_100_100/0/1661518370542/reliance_logo?e=2147483647&v=beta&t=e4NmhlSkhg2caAh_-xoMrtdjSvxY8gaMtLs8qbWZ5Pk
72,Project Engineer,https://in.linkedin.com/jobs/view/project-engineer-at-gradiant-4168377686?position=3&pageNum=5&refId=XGPMSc%2BJyF39NTAyWFeMww%3D%3D&trackingId=9uAcm6FPFgPbqIwUbxghVg%3D%3D,Gradiant,https://www.linkedin.com/company/gradiant-corporation?trk=public_jobs_topcard-org-name,"Chennai, Tamil Nadu, India",Actively Hiring,Associate,Full-time,Project Management,"Environmental Services and Air, Water, and Waste Program Management",5 days ago,https://media.licdn.com/dms/image/v2/D560BAQF7x2xfcPdsmw/company-logo_100_100/company-logo_100_100/0/1683821521584?e=2147483647&v=beta&t=TMQjETwGJ_FRh0VLlXYteXtjZXeVdRx7Y-qFS-xeFGw
73,HDFC Securities - Application/Production Support Engineer - Troubleshooting,https://in.linkedin.com/jobs/view/hdfc-securities-application-production-support-engineer-troubleshooting-at-hdfc-securities-4167340712?position=4&pageNum=5&refId=XGPMSc%2BJyF39NTAyWFeMww%3D%3D&trackingId=HidM6DefewGIqBfa4Kp3Eg%3D%3D,HDFC securities,https://in.linkedin.com/company/hdfc-securities?trk=public_jobs_topcard-org-name,"Navi Mumbai, Maharashtra, India",Actively Hiring,Entry level,Full-time,Information Technology,"Technology, Information and Internet, Software Development, and Technology, Information and Media",6 days ago,https://media.licdn.com/dms/image/v2/C4D0BAQEv2OAGKy4_3Q/company-logo_100_100/company-logo_100_100/0/1630472648642/hdfc_securities_logo?e=2147483647&v=beta&t=lZUpyWIFTZGUA9ftQBZL8z4Y15ow2TcmMhM0TkXRMVg
74,Planning Engineer,https://in.linkedin.com/jobs/view/planning-engineer-at-reliance-industries-limited-4174073422?position=5&pageNum=5&refId=XGPMSc%2BJyF39NTAyWFeMww%3D%3D&trackingId=rcGhGQEs4y48t0MdJi1H%2FQ%3D%3D,Reliance Industries Limited,https://in.linkedin.com/company/reliance?trk=public_jobs_topcard-org-name,Mumbai Metropolitan Region,Actively Hiring,Director,Full-time,Engineering,Real Estate,23 hours ago,https://media.licdn.com/dms/image/v2/C560BAQGL2p38Nc6Qkg/company-logo_100_100/company-logo_100_100/0/1661518370542/reliance_logo?e=2147483647&v=beta&t=e4NmhlSkhg2caAh_-xoMrtdjSvxY8gaMtLs8qbWZ5Pk
75,Anodizing (SF ) - Cleaning Engineer,https://in.linkedin.com/jobs/view/anodizing-sf-cleaning-engineer-at-tata-electronics-4162952948?position=6&pageNum=5&refId=XGPMSc%2BJyF39NTAyWFeMww%3D%3D&trackingId=YDSUp1Oi2fnfMTWt0mi0Jg%3D%3D,Tata Electronics,https://in.linkedin.com/company/tataelectronicspvtltd?trk=public_jobs_topcard-org-name,"Hosur, Tamil Nadu, India",,Associate,Full-time,Manufacturing,Manufacturing,6 days ago,https://media.licdn.com/dms/image/v2/D560BAQGUfMOwSwX5Nw/company-logo_100_100/company-logo_100_100/0/1733900139257/tataelectronicspvtltd_logo?e=2147483647&v=beta&t=LchxnMHArGoJ86HLP3k9wArV2LGzf-uNrluEF28USKI
76,Project Engineer/ Sr. Project Engineer - IDC,https://in.linkedin.com/jobs/view/project-engineer-sr-project-engineer-idc-at-reliance-industries-limited-4174074442?position=7&pageNum=5&refId=XGPMSc%2BJyF39NTAyWFeMww%3D%3D&trackingId=twqXZ%2BG8anD5udwGFLvkeA%3D%3D,Reliance Industries Limited,https://in.linkedin.com/company/reliance?trk=public_jobs_topcard-org-name,"Jamnagar, Gujarat, India",Actively Hiring,Director,Full-time,Project Management,Oil and Gas,23 hours ago,https://media.licdn.com/dms/image/v2/C560BAQGL2p38Nc6Qkg/company-logo_100_100/company-logo_100_100/0/1661518370542/reliance_logo?e=2147483647&v=beta&t=e4NmhlSkhg2caAh_-xoMrtdjSvxY8gaMtLs8qbWZ5Pk
77,Engineer Quality LMTG,https://in.linkedin.com/jobs/view/engineer-quality-lmtg-at-larsen-toubro-4165217653?position=8&pageNum=5&refId=XGPMSc%2BJyF39NTAyWFeMww%3D%3D&trackingId=n5pQquHMd566SuhNujo1QQ%3D%3D,Larsen & Toubro,https://in.linkedin.com/company/larsen-&-toubro-limited?trk=public_jobs_topcard-org-name,"Chorasi, Gujarat, India",Actively Hiring,Entry level,Full-time,Quality Assurance,Executive Offices,6 days ago,https://media.licdn.com/dms/image/v2/C4D0BAQFnEYpR8MlYsA/company-logo_100_100/company-logo_100_100/0/1631300737624?e=2147483647&v=beta&t=XwrPkxNIwc_l-G-D6Dfak1uo1oK-wEZfcwpUN3QD9WQ
78,Quality Engineer,https://in.linkedin.com/jobs/view/quality-engineer-at-ltimindtree-4169083419?position=9&pageNum=5&refId=XGPMSc%2BJyF39NTAyWFeMww%3D%3D&trackingId=LqtlwhajyG%2BCXlW42FMkdw%3D%3D,LTIMindtree,https://in.linkedin.com/company/ltimindtree?trk=public_jobs_topcard-org-name,"Pune, Maharashtra, India",Actively Hiring,Mid-Senior level,Full-time,Information Technology,IT Services and IT Consulting,3 days ago,https://media.licdn.com/dms/image/v2/D560BAQGGLta3hPvdRg/company-logo_100_100/company-logo_100_100/0/1735812238218/ltimindtree_logo?e=2147483647&v=beta&t=wGtBGn7ctNG_rO3f3VqNE37p2OjZqypS_kzg9ImllhI
79,Engineering Manager,https://in.linkedin.com/jobs/view/engineering-manager-at-razorpay-4152101458?position=10&pageNum=5&refId=XGPMSc%2BJyF39NTAyWFeMww%3D%3D&trackingId=4cpdgwsHSqFD%2FmhUaLAd2w%3D%3D,Razorpay,https://in.linkedin.com/company/razorpay?trk=public_jobs_topcard-org-name,"Bangalore Urban, Karnataka, India",Actively Hiring,Mid-Senior level,Full-time,Engineering,Software Development,2 weeks ago,https://media.licdn.com/dms/image/v2/C560BAQHggYLcXxs78w/company-logo_100_100/company-logo_100_100/0/1630638664845/razorpay_logo?e=2147483647&v=beta&t=vSklXxLk5ZXiNY1yEhR927lVmQtmRcaOEynF6EJbmFE
80,Contract Engineer (Mechanical),https://in.linkedin.com/jobs/view/contract-engineer-mechanical-at-reliance-industries-limited-4174053071?position=1&pageNum=7&refId=4saTPRuJKIrG%2Fp2cRCDmSQ%3D%3D&trackingId=RQmiCFWV2E%2BG%2BE34sEBk4w%3D%3D,Reliance Industries Limited,https://in.linkedin.com/company/reliance?trk=public_jobs_topcard-org-name,"Vadodara, Gujarat, India",Be an early applicant,Associate,Full-time,Engineering and Information Technology,Oil and Gas,23 hours ago,https://media.licdn.com/dms/image/v2/C560BAQGL2p38Nc6Qkg/company-logo_100_100/company-logo_100_100/0/1661518370542/reliance_logo?e=2147483647&v=beta&t=e4NmhlSkhg2caAh_-xoMrtdjSvxY8gaMtLs8qbWZ5Pk
81,Service Engineer,https://in.linkedin.com/jobs/view/service-engineer-at-statusneo-4166273172?position=2&pageNum=7&refId=4saTPRuJKIrG%2Fp2cRCDmSQ%3D%3D&trackingId=WIMXHuxTFpl7mSNumgMTjQ%3D%3D,StatusNeo,https://www.linkedin.com/company/statusneo?trk=public_jobs_topcard-org-name,"Ahmedabad, Gujarat, India",Be an early applicant,Associate,Full-time,Engineering and Information Technology,Business Consulting and Services,4 days ago,https://media.licdn.com/dms/image/v2/D560BAQGqGYsfi9R8hw/company-logo_100_100/company-logo_100_100/0/1719821957464/statusneo_logo?e=2147483647&v=beta&t=gh_7QIENq6By4WEofDkH3Uuf7OXvD83s2ATzfAGPTMQ
82,Engineering Manager,https://in.linkedin.com/jobs/view/engineering-manager-at-hyatt-4109643460?position=3&pageNum=7&refId=4saTPRuJKIrG%2Fp2cRCDmSQ%3D%3D&trackingId=MwzzqtbRZnwXI81SwigCXg%3D%3D,Hyatt,https://www.linkedin.com/company/hyatt?trk=public_jobs_topcard-org-name,"Delhi, Delhi, India",Actively Hiring,Mid-Senior level,Full-time,Engineering and Information Technology,Hospitality,2 weeks ago,https://media.licdn.com/dms/image/v2/D560BAQHZVNCUIfytag/company-logo_100_100/company-logo_100_100/0/1719848403661/hyatt_logo?e=2147483647&v=beta&t=OY4nlFW6k2IYkbCozul1QJ5LNWWFu6jpFkpUXz_uzyQ
83,Engineer Planning,https://in.linkedin.com/jobs/view/engineer-planning-at-reliance-industries-limited-4174059009?position=4&pageNum=7&refId=4saTPRuJKIrG%2Fp2cRCDmSQ%3D%3D&trackingId=MvPgj1N27r%2BFyLF4VofAXQ%3D%3D,Reliance Industries Limited,https://in.linkedin.com/company/reliance?trk=public_jobs_topcard-org-name,"Shahdol, Madhya Pradesh, India",Be an early applicant,Mid-Senior level,Full-time,Management and Manufacturing,Oil and Gas,23 hours ago,https://media.licdn.com/dms/image/v2/C560BAQGL2p38Nc6Qkg/company-logo_100_100/company-logo_100_100/0/1661518370542/reliance_logo?e=2147483647&v=beta&t=e4NmhlSkhg2caAh_-xoMrtdjSvxY8gaMtLs8qbWZ5Pk
84,Design Engineer,https://in.linkedin.com/jobs/view/design-engineer-at-aubert-duval-engineering-india-4170694131?position=5&pageNum=7&refId=4saTPRuJKIrG%2Fp2cRCDmSQ%3D%3D&trackingId=n9Xf%2FQ6mnCcVvF%2FbRYorlQ%3D%3D,Aubert & Duval Engineering India,https://in.linkedin.com/company/aubert-duval-engineering-india?trk=public_jobs_topcard-org-name,"Belgaum, Karnataka, India",,Executive,Full-time,Design and Engineering,Engineering Services,3 days ago,https://media.licdn.com/dms/image/v2/D4E0BAQFGjCc9sxJ7JA/company-logo_100_100/company-logo_100_100/0/1700651692905/aubert_duval_engineering_india_logo?e=2147483647&v=beta&t=JNaJGGrcdTgpG-LcsZ-vLW2TmqEidFcd923iQBPTZL8
85,Jr. Engineer - Production,https://in.linkedin.com/jobs/view/jr-engineer-production-at-altis-industries-private-limited-4174075810?position=6&pageNum=7&refId=4saTPRuJKIrG%2Fp2cRCDmSQ%3D%3D&trackingId=Qcy91qNnu4Em0mtnDcH09A%3D%3D,Altis Industries Private Limited,https://in.linkedin.com/company/altis-industries-private-limited?trk=public_jobs_topcard-org-name,"Dhar, Madhya Pradesh, India",Be an early applicant,Mid-Senior level,Full-time,Production,Industrial Machinery Manufacturing,23 hours ago,https://media.licdn.com/dms/image/v2/C4D0BAQEKxehx6eVrbQ/company-logo_100_100/company-logo_100_100/0/1630521711872/altis_industries_private_limited_logo?e=2147483647&v=beta&t=y4YGn0gqKhIIrJkL9BpPNY-p1xKJGF0JJSHHzU3k4JI
86,Shift Engineer,https://in.linkedin.com/jobs/view/shift-engineer-at-sir-h-n-reliance-foundation-hospital-research-centre-4174079378?position=7&pageNum=7&refId=4saTPRuJKIrG%2Fp2cRCDmSQ%3D%3D&trackingId=3Da%2FSn7SE%2FUNqaKtXFPUCg%3D%3D,Sir H.N. Reliance Foundation Hospital & Research Centre,https://in.linkedin.com/company/sir-h-n-reliance-foundation-hospital-research-centre?trk=public_jobs_topcard-org-name,Mumbai Metropolitan Region,Be an early applicant,Mid-Senior level,Full-time,Engineering,Hospitals and Health Care,23 hours ago,https://media.licdn.com/dms/image/v2/C560BAQHFb2GPOX9RJw/company-logo_100_100/company-logo_100_100/0/1643111020554?e=2147483647&v=beta&t=HqCtSpqK8G---HSv5oD4PagiJ_9sQKNe_NniIsz-92E
87,Electrical Maintenance Engineer,https://in.linkedin.com/jobs/view/electrical-maintenance-engineer-at-larsen-toubro-4165222252?position=8&pageNum=7&refId=4saTPRuJKIrG%2Fp2cRCDmSQ%3D%3D&trackingId=IBcVCKibjLrZR00%2Bpxaj5Q%3D%3D,Larsen & Toubro,https://in.linkedin.com/company/larsen-&-toubro-limited?trk=public_jobs_topcard-org-name,"Chorasi, Gujarat, India",Actively Hiring,Entry level,Full-time,Engineering and Information Technology,Executive Offices,6 days ago,https://media.licdn.com/dms/image/v2/C4D0BAQFnEYpR8MlYsA/company-logo_100_100/company-logo_100_100/0/1631300737624?e=2147483647&v=beta&t=XwrPkxNIwc_l-G-D6Dfak1uo1oK-wEZfcwpUN3QD9WQ
88,Engineering Manager,https://in.linkedin.com/jobs/view/engineering-manager-at-recro-4167170249?position=9&pageNum=7&refId=4saTPRuJKIrG%2Fp2cRCDmSQ%3D%3D&trackingId=qRgR0Sgb1VmuEmzaB4xBIA%3D%3D,Recro,https://in.linkedin.com/company/recro-io?trk=public_jobs_topcard-org-name,"Bengaluru, Karnataka, India",Actively Hiring,Mid-Senior level,Full-time,Information Technology and Engineering,"Software Development, Technology, Information and Media, and Internet Marketplace Platforms",1 week ago,https://media.licdn.com/dms/image/v2/D560BAQH7GYOGBCj8Qg/company-logo_100_100/company-logo_100_100/0/1728907260215/recro_io_logo?e=2147483647&v=beta&t=898rSyj182aC0vqi5cZqbWQQIDumt_WpercCJsH_-TY
89,Aircraft Maintenance Engineer,https://in.linkedin.com/jobs/view/aircraft-maintenance-engineer-at-gmr-aero-technic-4169433315?position=10&pageNum=7&refId=4saTPRuJKIrG%2Fp2cRCDmSQ%3D%3D&trackingId=ZnkHDmhlENME%2FhrLN3T8KQ%3D%3D,GMR Aero Technic,https://in.linkedin.com/company/gmr-aero-technic?trk=public_jobs_topcard-org-name,"Hyderabad, Telangana, India",,Mid-Senior level,Full-time,Engineering,Aviation and Aerospace Component Manufacturing,4 days ago,https://media.licdn.com/dms/image/v2/D560BAQHXwCJQP2sQLQ/company-logo_100_100/company-logo_100_100/0/1703481158469/gmr_aero_technic_logo?e=2147483647&v=beta&t=Oy18W9ZYqbZnMxGAtxYjDIVqJvyUdLRRMjPh6a3JhRo
90,Jr. Engineer/ Engineer - Purchase,https://in.linkedin.com/jobs/view/jr-engineer-engineer-purchase-at-altis-industries-private-limited-4174052508?position=1&pageNum=10&refId=HHuix3o44zy4q9UagPQLsQ%3D%3D&trackingId=VRDYJYK4SpPQpDoIhpFcog%3D%3D,Altis Industries Private Limited,https://in.linkedin.com/company/altis-industries-private-limited?trk=public_jobs_topcard-org-name,"Indore, Madhya Pradesh, India",Be an early applicant,Associate,Full-time,Purchasing,Industrial Machinery Manufacturing,23 hours ago,https://media.licdn.com/dms/image/v2/C4D0BAQEKxehx6eVrbQ/company-logo_100_100/company-logo_100_100/0/1630521711872/altis_industries_private_limited_logo?e=2147483647&v=beta&t=y4YGn0gqKhIIrJkL9BpPNY-p1xKJGF0JJSHHzU3k4JI
91,Assistant Manager - Engineering,https://in.linkedin.com/jobs/view/assistant-manager-engineering-at-hyatt-4142097237?position=2&pageNum=10&refId=HHuix3o44zy4q9UagPQLsQ%3D%3D&trackingId=aU7hTi8Gc%2FCLF3ZThjxQvQ%3D%3D,Hyatt,https://www.linkedin.com/company/hyatt?trk=public_jobs_topcard-org-name,"Hyderabad, Telangana, India",Actively Hiring,Mid-Senior level,Full-time,Engineering and Information Technology,Hospitality,5 days ago,https://media.licdn.com/dms/image/v2/D560BAQHZVNCUIfytag/company-logo_100_100/company-logo_100_100/0/1719848403661/hyatt_logo?e=2147483647&v=beta&t=OY4nlFW6k2IYkbCozul1QJ5LNWWFu6jpFkpUXz_uzyQ
92,Engineer Maintenance - Instrumentation,https://in.linkedin.com/jobs/view/engineer-maintenance-instrumentation-at-reliance-industries-limited-4174447543?position=3&pageNum=10&refId=HHuix3o44zy4q9UagPQLsQ%3D%3D&trackingId=CbfOT%2B%2Fq4z%2B1pYCjxoQPug%3D%3D,Reliance Industries Limited,https://in.linkedin.com/company/reliance?trk=public_jobs_topcard-org-name,"Jamnagar, Gujarat, India",Be an early applicant,Mid-Senior level,Full-time,Management and Manufacturing,Oil and Gas,23 hours ago,https://media.licdn.com/dms/image/v2/C560BAQGL2p38Nc6Qkg/company-logo_100_100/company-logo_100_100/0/1661518370542/reliance_logo?e=2147483647&v=beta&t=e4NmhlSkhg2caAh_-xoMrtdjSvxY8gaMtLs8qbWZ5Pk
93,Contracts Engineer (Mechanical),https://in.linkedin.com/jobs/view/contracts-engineer-mechanical-at-reliance-industries-limited-4174044898?position=4&pageNum=10&refId=HHuix3o44zy4q9UagPQLsQ%3D%3D&trackingId=%2BXcA9diaGmDIyuUf5wDMrA%3D%3D,Reliance Industries Limited,https://in.linkedin.com/company/reliance?trk=public_jobs_topcard-org-name,"Jamnagar, Gujarat, India",Be an early applicant,Associate,Full-time,Engineering and Information Technology,Oil and Gas,23 hours ago,https://media.licdn.com/dms/image/v2/C560BAQGL2p38Nc6Qkg/company-logo_100_100/company-logo_100_100/0/1661518370542/reliance_logo?e=2147483647&v=beta&t=e4NmhlSkhg2caAh_-xoMrtdjSvxY8gaMtLs8qbWZ5Pk
94,Quality Assurance Engineer,https://in.linkedin.com/jobs/view/quality-assurance-engineer-at-ltimindtree-4167910975?position=5&pageNum=10&refId=HHuix3o44zy4q9UagPQLsQ%3D%3D&trackingId=9eut10NAUJodeEwxDwtvAA%3D%3D,LTIMindtree,https://in.linkedin.com/company/ltimindtree?trk=public_jobs_topcard-org-name,"Hyderabad, Telangana, India",Actively Hiring,Associate,Full-time,Engineering and Information Technology,IT Services and IT Consulting,4 days ago,https://media.licdn.com/dms/image/v2/D560BAQGGLta3hPvdRg/company-logo_100_100/company-logo_100_100/0/1735812238218/ltimindtree_logo?e=2147483647&v=beta&t=wGtBGn7ctNG_rO3f3VqNE37p2OjZqypS_kzg9ImllhI
95,Quality and Assembly Engineer,https://in.linkedin.com/jobs/view/quality-and-assembly-engineer-at-kovai-drilling-applications-llc-4166072079?position=6&pageNum=10&refId=HHuix3o44zy4q9UagPQLsQ%3D%3D&trackingId=4wvR99da3JfvTIVXfHHX0w%3D%3D,Kovai Drilling Applications LLC,https://www.linkedin.com/company/kovai-drilling-applications-llc?trk=public_jobs_topcard-org-name,"Coimbatore, Tamil Nadu, India",,Entry level,Full-time,Engineering and Information Technology,Machinery Manufacturing,3 days ago,https://media.licdn.com/dms/image/v2/D560BAQGSQU1XKgcTxg/company-logo_100_100/company-logo_100_100/0/1715145018146?e=2147483647&v=beta&t=EgZV7ugHLi_4JhZ5zOQ2pRAf4hrA3_iVfZLlEEjJKvw
96,Senior Engineer,https://in.linkedin.com/jobs/view/senior-engineer-at-adani-power-4170105113?position=7&pageNum=10&refId=HHuix3o44zy4q9UagPQLsQ%3D%3D&trackingId=JHu%2B30HNhqddJuBh8wVGAQ%3D%3D,Adani Power,https://in.linkedin.com/company/adani-power-limited?trk=public_jobs_topcard-org-name,"Raipur, Chhattisgarh, India",,Mid-Senior level,Full-time,Engineering and Information Technology,Utilities,4 days ago,https://media.licdn.com/dms/image/v2/C510BAQGqZqAVCWx9Cw/company-logo_100_100/company-logo_100_100/0/1630586066656/adani_power_limited_logo?e=2147483647&v=beta&t=dB8WR6RMOESCtxbe96U5RXG-P1o3uedODz_RN1UAwM8
97,Manufacturing Engineer III,https://in.linkedin.com/jobs/view/manufacturing-engineer-iii-at-jabil-4166366663?position=8&pageNum=10&refId=HHuix3o44zy4q9UagPQLsQ%3D%3D&trackingId=Xs2QyzvveaXU%2BoZ6HakuKQ%3D%3D,Jabil,https://www.linkedin.com/company/jabil?trk=public_jobs_topcard-org-name,"Ranjangaon, India",Actively Hiring,Mid-Senior level,Full-time,Engineering and Information Technology,"Appliances, Electrical, and Electronics Manufacturing",5 days ago,https://media.licdn.com/dms/image/v2/C560BAQGYO9Q1rEKrpg/company-logo_100_100/company-logo_100_100/0/1630653658787/jabil_logo?e=2147483647&v=beta&t=g3RCNyQtHGnXNNNd2J1zktf_HJ9GllznCVCI2GJZWLw
98,Engineer-Project Management,https://in.linkedin.com/jobs/view/engineer-project-management-at-sulzer-4164961185?position=9&pageNum=10&refId=HHuix3o44zy4q9UagPQLsQ%3D%3D&trackingId=ea8dsTmYmLMnJu%2BFOAKmvQ%3D%3D,Sulzer,https://ch.linkedin.com/company/sulzer?trk=public_jobs_topcard-org-name,"Pune, Maharashtra, India",Actively Hiring,Entry level,Full-time,Engineering and Information Technology,Machinery Manufacturing,5 days ago,https://media.licdn.com/dms/image/v2/C4D0BAQHvYhx6dvtcIw/company-logo_100_100/company-logo_100_100/0/1635166394984/sulzer_logo?e=2147483647&v=beta&t=32cnbBbTvmaEoAPBQffLVUPMO2Arq8ecYiRIQt1akaU
99,Engineer Maintenance Electrical,https://in.linkedin.com/jobs/view/engineer-maintenance-electrical-at-reliance-industries-limited-4174057581?position=10&pageNum=10&refId=HHuix3o44zy4q9UagPQLsQ%3D%3D&trackingId=MQzZjmQmmNsSd7kDTRcCLg%3D%3D,Reliance Industries Limited,https://in.linkedin.com/company/reliance?trk=public_jobs_topcard-org-name,"Jamnagar, Gujarat, India",Actively Hiring,Mid-Senior level,Full-time,Engineering and Information Technology,Oil and Gas,23 hours ago,https://media.licdn.com/dms/image/v2/C560BAQGL2p38Nc6Qkg/company-logo_100_100/company-logo_100_100/0/1661518370542/reliance_logo?e=2147483647&v=beta&t=e4NmhlSkhg2caAh_-xoMrtdjSvxY8gaMtLs8qbWZ5Pk
100,Engineer Panel Production CBM,https://in.linkedin.com/jobs/view/engineer-panel-production-cbm-at-reliance-industries-limited-4174059391?position=1&pageNum=12&refId=TfIU2AiOER8i4Vpjx%2Fcg9g%3D%3D&trackingId=WO9mwwe140ZO9%2BRZSAFmhg%3D%3D,Reliance Industries Limited,https://in.linkedin.com/company/reliance?trk=public_jobs_topcard-org-name,"Shahdol, Madhya Pradesh, India",Be an early applicant,Mid-Senior level,Full-time,Management and Manufacturing,Oil and Gas,23 hours ago,https://media.licdn.com/dms/image/v2/C560BAQGL2p38Nc6Qkg/company-logo_100_100/company-logo_100_100/0/1661518370542/reliance_logo?e=2147483647&v=beta&t=e4NmhlSkhg2caAh_-xoMrtdjSvxY8gaMtLs8qbWZ5Pk
